term,estimate,std.error,statistic,p.value
(Intercept),38.835095380543265,15.81874199365352,2.4550052966363514,0.014258326318713713
x,5.706411502516995,40.81936676313121,0.13979666895938056,0.8888489086167768
x2,86.88057334797986,15.853619261147372,5.480172818385955,5.383314572747491e-8
x3,1557.4790515841,40.84452847239174,38.131889627195854,6.926642533341545e-197
